# dataset	task_level	task_type	induced	fixed_split	split_root	backbone	moe_lr	epochs	batch	skip_if_exists
# RouterGFM Table 15 baseline: 9 test datasets x {5-shot, 100-shot} on the standard split root (LP uses (0.1,0.05,0.1) once),
# plus the feature / structural / mixed shift roots for the node and graph datasets (LP shift splits are not built;
# qm7b is featureless, so it has no feature-shift split). Build the shift roots first (see slurm/moe.graphmetro.slurm).
# Paper Table 3 real-world settings: GCN, moe_lr 1e-2, 100 epochs (node/LP); GIN, moe_lr 1e-3, 200 epochs (graph); batch 32.
# Rows grouped by dataset, heaviest first.
ogbn-arxiv	node	classification	True	(100,0.0,1.0)	data/splits	gcn	1e-2	100	32	True
ogbn-arxiv	node	classification	True	(5,0.0,1.0)	data/splits	gcn	1e-2	100	32	True
ogbn-arxiv	node	classification	True	(100,0.0,1.0)	data/splits_shift/feature	gcn	1e-2	100	32	True
ogbn-arxiv	node	classification	True	(5,0.0,1.0)	data/splits_shift/feature	gcn	1e-2	100	32	True
ogbn-arxiv	node	classification	True	(100,0.0,1.0)	data/splits_shift/structural	gcn	1e-2	100	32	True
ogbn-arxiv	node	classification	True	(5,0.0,1.0)	data/splits_shift/structural	gcn	1e-2	100	32	True
ogbn-arxiv	node	classification	True	(100,0.0,1.0)	data/splits_shift/mixed	gcn	1e-2	100	32	True
ogbn-arxiv	node	classification	True	(5,0.0,1.0)	data/splits_shift/mixed	gcn	1e-2	100	32	True
mnist	graph	classification	True	(100,0.0,1.0)	data/splits	gin	1e-3	200	32	True
mnist	graph	classification	True	(5,0.0,1.0)	data/splits	gin	1e-3	200	32	True
mnist	graph	classification	True	(100,0.0,1.0)	data/splits_shift/feature	gin	1e-3	200	32	True
mnist	graph	classification	True	(5,0.0,1.0)	data/splits_shift/feature	gin	1e-3	200	32	True
mnist	graph	classification	True	(100,0.0,1.0)	data/splits_shift/structural	gin	1e-3	200	32	True
mnist	graph	classification	True	(5,0.0,1.0)	data/splits_shift/structural	gin	1e-3	200	32	True
mnist	graph	classification	True	(100,0.0,1.0)	data/splits_shift/mixed	gin	1e-3	200	32	True
mnist	graph	classification	True	(5,0.0,1.0)	data/splits_shift/mixed	gin	1e-3	200	32	True
toxcast	graph	classification	True	(100,0.0,1.0)	data/splits	gin	1e-3	200	32	True
toxcast	graph	classification	True	(5,0.0,1.0)	data/splits	gin	1e-3	200	32	True
toxcast	graph	classification	True	(100,0.0,1.0)	data/splits_shift/feature	gin	1e-3	200	32	True
toxcast	graph	classification	True	(5,0.0,1.0)	data/splits_shift/feature	gin	1e-3	200	32	True
toxcast	graph	classification	True	(100,0.0,1.0)	data/splits_shift/structural	gin	1e-3	200	32	True
toxcast	graph	classification	True	(5,0.0,1.0)	data/splits_shift/structural	gin	1e-3	200	32	True
toxcast	graph	classification	True	(100,0.0,1.0)	data/splits_shift/mixed	gin	1e-3	200	32	True
toxcast	graph	classification	True	(5,0.0,1.0)	data/splits_shift/mixed	gin	1e-3	200	32	True
dblp	edge	classification	True	(0.1,0.05,0.1)	data/splits	gcn	1e-2	100	32	True
qm7b	graph	regression	True	(100,0.0,1.0)	data/splits	gin	1e-3	200	32	True
qm7b	graph	regression	True	(5,0.0,1.0)	data/splits	gin	1e-3	200	32	True
qm7b	graph	regression	True	(100,0.0,1.0)	data/splits_shift/structural	gin	1e-3	200	32	True
qm7b	graph	regression	True	(5,0.0,1.0)	data/splits_shift/structural	gin	1e-3	200	32	True
qm7b	graph	regression	True	(100,0.0,1.0)	data/splits_shift/mixed	gin	1e-3	200	32	True
qm7b	graph	regression	True	(5,0.0,1.0)	data/splits_shift/mixed	gin	1e-3	200	32	True
photo	node	classification	True	(100,0.0,1.0)	data/splits	gcn	1e-2	100	32	True
photo	node	classification	True	(5,0.0,1.0)	data/splits	gcn	1e-2	100	32	True
photo	node	classification	True	(100,0.0,1.0)	data/splits_shift/feature	gcn	1e-2	100	32	True
photo	node	classification	True	(5,0.0,1.0)	data/splits_shift/feature	gcn	1e-2	100	32	True
photo	node	classification	True	(100,0.0,1.0)	data/splits_shift/structural	gcn	1e-2	100	32	True
photo	node	classification	True	(5,0.0,1.0)	data/splits_shift/structural	gcn	1e-2	100	32	True
photo	node	classification	True	(100,0.0,1.0)	data/splits_shift/mixed	gcn	1e-2	100	32	True
photo	node	classification	True	(5,0.0,1.0)	data/splits_shift/mixed	gcn	1e-2	100	32	True
chameleon	node	classification	True	(100,0.0,1.0)	data/splits	gcn	1e-2	100	32	True
chameleon	node	classification	True	(5,0.0,1.0)	data/splits	gcn	1e-2	100	32	True
chameleon	node	classification	True	(100,0.0,1.0)	data/splits_shift/feature	gcn	1e-2	100	32	True
chameleon	node	classification	True	(5,0.0,1.0)	data/splits_shift/feature	gcn	1e-2	100	32	True
chameleon	node	classification	True	(100,0.0,1.0)	data/splits_shift/structural	gcn	1e-2	100	32	True
chameleon	node	classification	True	(5,0.0,1.0)	data/splits_shift/structural	gcn	1e-2	100	32	True
chameleon	node	classification	True	(100,0.0,1.0)	data/splits_shift/mixed	gcn	1e-2	100	32	True
chameleon	node	classification	True	(5,0.0,1.0)	data/splits_shift/mixed	gcn	1e-2	100	32	True
airports	node	classification	True	(100,0.0,1.0)	data/splits	gcn	1e-2	100	32	True
airports	node	classification	True	(5,0.0,1.0)	data/splits	gcn	1e-2	100	32	True
airports	node	classification	True	(100,0.0,1.0)	data/splits_shift/feature	gcn	1e-2	100	32	True
airports	node	classification	True	(5,0.0,1.0)	data/splits_shift/feature	gcn	1e-2	100	32	True
airports	node	classification	True	(100,0.0,1.0)	data/splits_shift/structural	gcn	1e-2	100	32	True
airports	node	classification	True	(5,0.0,1.0)	data/splits_shift/structural	gcn	1e-2	100	32	True
airports	node	classification	True	(100,0.0,1.0)	data/splits_shift/mixed	gcn	1e-2	100	32	True
airports	node	classification	True	(5,0.0,1.0)	data/splits_shift/mixed	gcn	1e-2	100	32	True
cornell	edge	classification	True	(0.1,0.05,0.1)	data/splits	gcn	1e-2	100	32	True
