# dataset	task_level	task_type	induced	expert_inits	K	readout	fixed_split	epochs	batch	skip_if_exists
# Node-MoE is node-task-scoped: 4 node-classification test datasets x {5-shot, 100-shot}.
# Rows ordered heaviest-first so long rows start early under round-robin workers.
ogbn-arxiv	node	classification	True	low,high,uniform	10	target	(100,0.0,1.0)	100	128	True
ogbn-arxiv	node	classification	True	low,high,uniform	10	target	(5,0.0,1.0)	100	128	True
photo	node	classification	True	low,high,uniform	10	target	(100,0.0,1.0)	100	32	True
photo	node	classification	True	low,high,uniform	10	target	(5,0.0,1.0)	100	32	True
chameleon	node	classification	True	low,high,uniform	10	target	(100,0.0,1.0)	100	32	True
chameleon	node	classification	True	low,high,uniform	10	target	(5,0.0,1.0)	100	32	True
airports	node	classification	True	low,high,uniform	10	target	(100,0.0,1.0)	100	32	True
airports	node	classification	True	low,high,uniform	10	target	(5,0.0,1.0)	100	32	True
