# dataset	task_level	task_type	induced	gnn_type	num_experts	num_experts_1hop	k	expert_hop	fixed_split	epochs	batch	skip_if_exists
# Paper sweep: 9 test datasets x {5-shot, 100-shot} (LP datasets use (0.1,0.05,0.1) for both tables).
# Rows ordered heaviest-first so long rows start early under round-robin workers.
ogbn-arxiv	node	classification	True	gcn	8	4	4	2	(100,0.0,1.0)	100	128	True
ogbn-arxiv	node	classification	True	gcn	8	4	4	2	(5,0.0,1.0)	100	128	True
dblp	edge	classification	True	gcn	8	4	4	2	(0.1,0.05,0.1)	100	32	True
mnist	graph	classification	True	gcn	8	4	4	2	(100,0.0,1.0)	100	128	True
mnist	graph	classification	True	gcn	8	4	4	2	(5,0.0,1.0)	100	128	True
toxcast	graph	classification	True	gcn	8	4	4	2	(100,0.0,1.0)	100	32	True
toxcast	graph	classification	True	gcn	8	4	4	2	(5,0.0,1.0)	100	32	True
qm7b	graph	regression	True	gcn	8	4	4	2	(100,0.0,1.0)	100	32	True
qm7b	graph	regression	True	gcn	8	4	4	2	(5,0.0,1.0)	100	32	True
photo	node	classification	True	gcn	8	4	4	2	(100,0.0,1.0)	100	32	True
photo	node	classification	True	gcn	8	4	4	2	(5,0.0,1.0)	100	32	True
chameleon	node	classification	True	gcn	8	4	4	2	(100,0.0,1.0)	100	32	True
chameleon	node	classification	True	gcn	8	4	4	2	(5,0.0,1.0)	100	32	True
airports	node	classification	True	gcn	8	4	4	2	(100,0.0,1.0)	100	32	True
airports	node	classification	True	gcn	8	4	4	2	(5,0.0,1.0)	100	32	True
cornell	edge	classification	True	gcn	8	4	4	2	(0.1,0.05,0.1)	100	32	True
