# method	dataset	task_level	budget
# Matched-pool baselines (App. C), heaviest first. metagl_u, sagmm_pe: 9 targets x {5, 100}-shot;
# meta_des: single-label classification targets only; kdem, ppem: node targets and LP (no graph level).
# LP rows run once (budget 5): both budget blocks share one edge split (App. B.3).
sagmm_pe	ogbn-arxiv	node	100
meta_des	ogbn-arxiv	node	100
kdem	ogbn-arxiv	node	100
ppem	ogbn-arxiv	node	100
metagl_u	ogbn-arxiv	node	100
sagmm_pe	ogbn-arxiv	node	5
meta_des	ogbn-arxiv	node	5
kdem	ogbn-arxiv	node	5
ppem	ogbn-arxiv	node	5
metagl_u	ogbn-arxiv	node	5
sagmm_pe	dblp	edge	5
kdem	dblp	edge	5
ppem	dblp	edge	5
metagl_u	dblp	edge	5
sagmm_pe	mnist	graph	100
meta_des	mnist	graph	100
metagl_u	mnist	graph	100
sagmm_pe	mnist	graph	5
meta_des	mnist	graph	5
metagl_u	mnist	graph	5
sagmm_pe	toxcast	graph	100
metagl_u	toxcast	graph	100
sagmm_pe	toxcast	graph	5
metagl_u	toxcast	graph	5
sagmm_pe	qm7b	graph	100
metagl_u	qm7b	graph	100
sagmm_pe	qm7b	graph	5
metagl_u	qm7b	graph	5
sagmm_pe	photo	node	100
meta_des	photo	node	100
kdem	photo	node	100
ppem	photo	node	100
metagl_u	photo	node	100
sagmm_pe	photo	node	5
meta_des	photo	node	5
kdem	photo	node	5
ppem	photo	node	5
metagl_u	photo	node	5
sagmm_pe	chameleon	node	100
meta_des	chameleon	node	100
kdem	chameleon	node	100
ppem	chameleon	node	100
metagl_u	chameleon	node	100
sagmm_pe	chameleon	node	5
meta_des	chameleon	node	5
kdem	chameleon	node	5
ppem	chameleon	node	5
metagl_u	chameleon	node	5
sagmm_pe	airports	node	100
meta_des	airports	node	100
kdem	airports	node	100
ppem	airports	node	100
metagl_u	airports	node	100
sagmm_pe	airports	node	5
meta_des	airports	node	5
kdem	airports	node	5
ppem	airports	node	5
metagl_u	airports	node	5
sagmm_pe	cornell	edge	5
kdem	cornell	edge	5
ppem	cornell	edge	5
metagl_u	cornell	edge	5
