# model	dataset	task_level	induced	method	task_type	fixed_split
h2gcn	actor	node	True	attr_masking	none	-
h2gcn	actor	node	True	context_pred	none	-
h2gcn	actor	node	True	dgi	none	-
h2gcn	actor	node	True	edge_pred	none	-
h2gcn	actor	node	True	graphcl	none	-
h2gcn	actor	node	True	infograph	none	-
h2gcn	actor	node	True	supervised	classification	(0.8,0.1,0.1)
h2gcn	bbbp	graph	False	attr_masking	none	-
h2gcn	bbbp	graph	False	context_pred	none	-
h2gcn	bbbp	graph	False	dgi	none	-
h2gcn	bbbp	graph	False	edge_pred	none	-
h2gcn	bbbp	graph	False	graphcl	none	-
h2gcn	bbbp	graph	False	infograph	none	-
h2gcn	bbbp	graph	False	supervised	classification	(0.8,0.1,0.1)
h2gcn	cifar10	graph	False	attr_masking	none	-
h2gcn	cifar10	graph	False	context_pred	none	-
h2gcn	cifar10	graph	False	dgi	none	-
h2gcn	cifar10	graph	False	edge_pred	none	-
h2gcn	cifar10	graph	False	graphcl	none	-
h2gcn	cifar10	graph	False	infograph	none	-
h2gcn	cifar10	graph	False	supervised	classification	(0.8,0.1,0.1)
h2gcn	computers	node	True	attr_masking	none	-
h2gcn	computers	node	True	context_pred	none	-
h2gcn	computers	node	True	dgi	none	-
h2gcn	computers	node	True	edge_pred	none	-
h2gcn	computers	node	True	graphcl	none	-
h2gcn	computers	node	True	infograph	none	-
h2gcn	computers	node	True	supervised	classification	(0.8,0.1,0.1)
h2gcn	cora	node	True	attr_masking	none	-
h2gcn	cora	node	True	context_pred	none	-
h2gcn	cora	node	True	dgi	none	-
h2gcn	cora	node	True	edge_pred	none	-
h2gcn	cora	node	True	graphcl	none	-
h2gcn	cora	node	True	infograph	none	-
h2gcn	cora	node	True	supervised	classification	(0.8,0.1,0.1)
h2gcn	email	node	True	attr_masking	none	-
h2gcn	email	node	True	context_pred	none	-
h2gcn	email	node	True	dgi	none	-
h2gcn	email	node	True	edge_pred	none	-
h2gcn	email	node	True	graphcl	none	-
h2gcn	email	node	True	infograph	none	-
h2gcn	email	node	True	supervised	classification	(0.8,0.1,0.1)
h2gcn	flickr	node	True	attr_masking	none	-
h2gcn	flickr	node	True	context_pred	none	-
h2gcn	flickr	node	True	dgi	none	-
h2gcn	flickr	node	True	edge_pred	none	-
h2gcn	flickr	node	True	graphcl	none	-
h2gcn	flickr	node	True	infograph	none	-
h2gcn	flickr	node	True	supervised	classification	(0.8,0.1,0.1)
h2gcn	proteins	graph	False	attr_masking	none	-
h2gcn	proteins	graph	False	context_pred	none	-
h2gcn	proteins	graph	False	dgi	none	-
h2gcn	proteins	graph	False	edge_pred	none	-
h2gcn	proteins	graph	False	graphcl	none	-
h2gcn	proteins	graph	False	infograph	none	-
h2gcn	proteins	graph	False	supervised	classification	(0.8,0.1,0.1)
h2gcn	pubmed	node	True	attr_masking	none	-
h2gcn	pubmed	node	True	context_pred	none	-
h2gcn	pubmed	node	True	dgi	none	-
h2gcn	pubmed	node	True	edge_pred	none	-
h2gcn	pubmed	node	True	graphcl	none	-
h2gcn	pubmed	node	True	infograph	none	-
h2gcn	pubmed	node	True	supervised	classification	(0.8,0.1,0.1)
h2gcn	qm9	graph	False	attr_masking	none	-
h2gcn	qm9	graph	False	context_pred	none	-
h2gcn	qm9	graph	False	dgi	none	-
h2gcn	qm9	graph	False	edge_pred	none	-
h2gcn	qm9	graph	False	graphcl	none	-
h2gcn	qm9	graph	False	infograph	none	-
h2gcn	qm9	graph	False	supervised	regression	(0.8,0.1,0.1)
h2gcn	squirrel	node	True	attr_masking	none	-
h2gcn	squirrel	node	True	context_pred	none	-
h2gcn	squirrel	node	True	dgi	none	-
h2gcn	squirrel	node	True	edge_pred	none	-
h2gcn	squirrel	node	True	graphcl	none	-
h2gcn	squirrel	node	True	infograph	none	-
h2gcn	squirrel	node	True	supervised	classification	(0.8,0.1,0.1)
h2gcn	tox21	graph	False	attr_masking	none	-
h2gcn	tox21	graph	False	context_pred	none	-
h2gcn	tox21	graph	False	dgi	none	-
h2gcn	tox21	graph	False	edge_pred	none	-
h2gcn	tox21	graph	False	graphcl	none	-
h2gcn	tox21	graph	False	infograph	none	-
h2gcn	tox21	graph	False	supervised	classification	(0.8,0.1,0.1)
