# model	dataset	task_level	induced	method	task_type	fixed_split	batch
gat	actor	node	True	attr_masking	none	-	-
gat	actor	node	True	context_pred	none	-	-
gat	actor	node	True	dgi	none	-	-
gat	actor	node	True	edge_pred	none	-	-
gat	actor	node	True	graphcl	none	-	-
gat	actor	node	True	infograph	none	-	-
gat	actor	node	True	supervised	classification	(0.8,0.1,0.1)	-
gat	bbbp	graph	False	attr_masking	none	-	-
gat	bbbp	graph	False	context_pred	none	-	-
gat	bbbp	graph	False	dgi	none	-	-
gat	bbbp	graph	False	edge_pred	none	-	-
gat	bbbp	graph	False	graphcl	none	-	-
gat	bbbp	graph	False	infograph	none	-	-
gat	bbbp	graph	False	supervised	classification	(0.8,0.1,0.1)	-
gat	cifar10	graph	False	attr_masking	none	-	-
gat	cifar10	graph	False	context_pred	none	-	-
gat	cifar10	graph	False	dgi	none	-	-
gat	cifar10	graph	False	edge_pred	none	-	-
gat	cifar10	graph	False	graphcl	none	-	-
gat	cifar10	graph	False	infograph	none	-	-
gat	cifar10	graph	False	supervised	classification	(0.8,0.1,0.1)	-
gat	computers	node	True	attr_masking	none	-	-
gat	computers	node	True	context_pred	none	-	-
gat	computers	node	True	dgi	none	-	-
gat	computers	node	True	edge_pred	none	-	-
gat	computers	node	True	graphcl	none	-	-
gat	computers	node	True	infograph	none	-	-
gat	computers	node	True	supervised	classification	(0.8,0.1,0.1)	-
gat	cora	node	True	attr_masking	none	-	-
gat	cora	node	True	context_pred	none	-	-
gat	cora	node	True	dgi	none	-	-
gat	cora	node	True	edge_pred	none	-	-
gat	cora	node	True	graphcl	none	-	-
gat	cora	node	True	infograph	none	-	-
gat	cora	node	True	supervised	classification	(0.8,0.1,0.1)	-
gat	email	node	True	attr_masking	none	-	-
gat	email	node	True	context_pred	none	-	-
gat	email	node	True	dgi	none	-	-
gat	email	node	True	edge_pred	none	-	-
gat	email	node	True	graphcl	none	-	-
gat	email	node	True	infograph	none	-	-
gat	email	node	True	supervised	classification	(0.8,0.1,0.1)	-
gat	flickr	node	True	attr_masking	none	-	-
gat	flickr	node	True	context_pred	none	-	-
gat	flickr	node	True	dgi	none	-	-
gat	flickr	node	True	edge_pred	none	-	-
gat	flickr	node	True	graphcl	none	-	-
gat	flickr	node	True	infograph	none	-	-
gat	flickr	node	True	supervised	classification	(0.8,0.1,0.1)	-
gat	proteins	graph	False	attr_masking	none	-	-
gat	proteins	graph	False	context_pred	none	-	-
gat	proteins	graph	False	dgi	none	-	-
gat	proteins	graph	False	edge_pred	none	-	-
gat	proteins	graph	False	graphcl	none	-	-
gat	proteins	graph	False	infograph	none	-	-
gat	proteins	graph	False	supervised	classification	(0.8,0.1,0.1)	-
gat	pubmed	node	True	attr_masking	none	-	-
gat	pubmed	node	True	context_pred	none	-	-
gat	pubmed	node	True	dgi	none	-	-
gat	pubmed	node	True	edge_pred	none	-	-
gat	pubmed	node	True	graphcl	none	-	-
gat	pubmed	node	True	infograph	none	-	-
gat	pubmed	node	True	supervised	classification	(0.8,0.1,0.1)	-
gat	qm9	graph	False	attr_masking	none	-	-
gat	qm9	graph	False	context_pred	none	-	-
gat	qm9	graph	False	dgi	none	-	-
gat	qm9	graph	False	edge_pred	none	-	-
gat	qm9	graph	False	graphcl	none	-	-
gat	qm9	graph	False	infograph	none	-	-
gat	qm9	graph	False	supervised	regression	(0.8,0.1,0.1)	-
gat	squirrel	node	True	attr_masking	none	-	-
gat	squirrel	node	True	context_pred	none	-	-
gat	squirrel	node	True	dgi	none	-	-
gat	squirrel	node	True	edge_pred	none	-	-
gat	squirrel	node	True	graphcl	none	-	-
gat	squirrel	node	True	infograph	none	-	-
gat	squirrel	node	True	supervised	classification	(0.8,0.1,0.1)	-
gat	tox21	graph	False	attr_masking	none	-	-
gat	tox21	graph	False	context_pred	none	-	-
gat	tox21	graph	False	dgi	none	-	-
gat	tox21	graph	False	edge_pred	none	-	-
gat	tox21	graph	False	graphcl	none	-	-
gat	tox21	graph	False	infograph	none	-	-
gat	tox21	graph	False	supervised	classification	(0.8,0.1,0.1)	-
