# dataset	model	task_level	task_type	induced	fixed_split
airports	gcn	node	classification	True	(5,0.0,1.0)
airports	gat	node	classification	True	(5,0.0,1.0)
airports	gin	node	classification	True	(5,0.0,1.0)
airports	h2gcn	node	classification	True	(5,0.0,1.0)
airports	fagcn	node	classification	True	(5,0.0,1.0)
airports	transformer	node	classification	True	(5,0.0,1.0)
airports	nodeformer	node	classification	True	(5,0.0,1.0)
ogbn-arxiv	gcn	node	classification	True	(5,0.0,1.0)
ogbn-arxiv	gat	node	classification	True	(5,0.0,1.0)
ogbn-arxiv	gin	node	classification	True	(5,0.0,1.0)
ogbn-arxiv	h2gcn	node	classification	True	(5,0.0,1.0)
ogbn-arxiv	fagcn	node	classification	True	(5,0.0,1.0)
ogbn-arxiv	transformer	node	classification	True	(5,0.0,1.0)
ogbn-arxiv	nodeformer	node	classification	True	(5,0.0,1.0)
qm7b	gcn	graph	regression	False	(5,0.0,1.0)
qm7b	gat	graph	regression	False	(5,0.0,1.0)
qm7b	gin	graph	regression	False	(5,0.0,1.0)
qm7b	h2gcn	graph	regression	False	(5,0.0,1.0)
qm7b	fagcn	graph	regression	False	(5,0.0,1.0)
qm7b	transformer	graph	regression	False	(5,0.0,1.0)
qm7b	nodeformer	graph	regression	False	(5,0.0,1.0)
toxcast	gcn	graph	classification	False	(5,0.0,1.0)
toxcast	gat	graph	classification	False	(5,0.0,1.0)
toxcast	gin	graph	classification	False	(5,0.0,1.0)
toxcast	h2gcn	graph	classification	False	(5,0.0,1.0)
toxcast	fagcn	graph	classification	False	(5,0.0,1.0)
toxcast	transformer	graph	classification	False	(5,0.0,1.0)
toxcast	nodeformer	graph	classification	False	(5,0.0,1.0)
mnist	gcn	graph	classification	False	(5,0.0,1.0)
mnist	gat	graph	classification	False	(5,0.0,1.0)
mnist	gin	graph	classification	False	(5,0.0,1.0)
mnist	h2gcn	graph	classification	False	(5,0.0,1.0)
mnist	fagcn	graph	classification	False	(5,0.0,1.0)
mnist	transformer	graph	classification	False	(5,0.0,1.0)
mnist	nodeformer	graph	classification	False	(5,0.0,1.0)
chameleon	gcn	node	classification	True	(5,0.0,1.0)
chameleon	gat	node	classification	True	(5,0.0,1.0)
chameleon	gin	node	classification	True	(5,0.0,1.0)
chameleon	h2gcn	node	classification	True	(5,0.0,1.0)
chameleon	fagcn	node	classification	True	(5,0.0,1.0)
chameleon	transformer	node	classification	True	(5,0.0,1.0)
chameleon	nodeformer	node	classification	True	(5,0.0,1.0)
airports	gcn	node	classification	True	(100,0.0,1.0)
airports	gat	node	classification	True	(100,0.0,1.0)
airports	gin	node	classification	True	(100,0.0,1.0)
airports	h2gcn	node	classification	True	(100,0.0,1.0)
airports	fagcn	node	classification	True	(100,0.0,1.0)
airports	transformer	node	classification	True	(100,0.0,1.0)
airports	nodeformer	node	classification	True	(100,0.0,1.0)
ogbn-arxiv	gcn	node	classification	True	(100,0.0,1.0)
ogbn-arxiv	gat	node	classification	True	(100,0.0,1.0)
ogbn-arxiv	gin	node	classification	True	(100,0.0,1.0)
ogbn-arxiv	h2gcn	node	classification	True	(100,0.0,1.0)
ogbn-arxiv	fagcn	node	classification	True	(100,0.0,1.0)
ogbn-arxiv	transformer	node	classification	True	(100,0.0,1.0)
ogbn-arxiv	nodeformer	node	classification	True	(100,0.0,1.0)
qm7b	gcn	graph	regression	False	(100,0.0,1.0)
qm7b	gat	graph	regression	False	(100,0.0,1.0)
qm7b	gin	graph	regression	False	(100,0.0,1.0)
qm7b	h2gcn	graph	regression	False	(100,0.0,1.0)
qm7b	fagcn	graph	regression	False	(100,0.0,1.0)
qm7b	transformer	graph	regression	False	(100,0.0,1.0)
qm7b	nodeformer	graph	regression	False	(100,0.0,1.0)
toxcast	gcn	graph	classification	False	(100,0.0,1.0)
toxcast	gat	graph	classification	False	(100,0.0,1.0)
toxcast	gin	graph	classification	False	(100,0.0,1.0)
toxcast	h2gcn	graph	classification	False	(100,0.0,1.0)
toxcast	fagcn	graph	classification	False	(100,0.0,1.0)
toxcast	transformer	graph	classification	False	(100,0.0,1.0)
toxcast	nodeformer	graph	classification	False	(100,0.0,1.0)
mnist	gcn	graph	classification	False	(100,0.0,1.0)
mnist	gat	graph	classification	False	(100,0.0,1.0)
mnist	gin	graph	classification	False	(100,0.0,1.0)
mnist	h2gcn	graph	classification	False	(100,0.0,1.0)
mnist	fagcn	graph	classification	False	(100,0.0,1.0)
mnist	transformer	graph	classification	False	(100,0.0,1.0)
mnist	nodeformer	graph	classification	False	(100,0.0,1.0)
chameleon	gcn	node	classification	True	(100,0.0,1.0)
chameleon	gat	node	classification	True	(100,0.0,1.0)
chameleon	gin	node	classification	True	(100,0.0,1.0)
chameleon	h2gcn	node	classification	True	(100,0.0,1.0)
chameleon	fagcn	node	classification	True	(100,0.0,1.0)
chameleon	transformer	node	classification	True	(100,0.0,1.0)
chameleon	nodeformer	node	classification	True	(100,0.0,1.0)
cornell	gcn	edge	classification	True	(0.1,0.05,0.1)
cornell	gat	edge	classification	True	(0.1,0.05,0.1)
cornell	gin	edge	classification	True	(0.1,0.05,0.1)
cornell	h2gcn	edge	classification	True	(0.1,0.05,0.1)
cornell	fagcn	edge	classification	True	(0.1,0.05,0.1)
cornell	transformer	edge	classification	True	(0.1,0.05,0.1)
cornell	nodeformer	edge	classification	True	(0.1,0.05,0.1)
photo	gcn	node	classification	True	(5,0.0,1.0)
photo	gat	node	classification	True	(5,0.0,1.0)
photo	gin	node	classification	True	(5,0.0,1.0)
photo	h2gcn	node	classification	True	(5,0.0,1.0)
photo	fagcn	node	classification	True	(5,0.0,1.0)
photo	transformer	node	classification	True	(5,0.0,1.0)
photo	nodeformer	node	classification	True	(5,0.0,1.0)
photo	gcn	node	classification	True	(100,0.0,1.0)
photo	gat	node	classification	True	(100,0.0,1.0)
photo	gin	node	classification	True	(100,0.0,1.0)
photo	h2gcn	node	classification	True	(100,0.0,1.0)
photo	fagcn	node	classification	True	(100,0.0,1.0)
photo	transformer	node	classification	True	(100,0.0,1.0)
photo	nodeformer	node	classification	True	(100,0.0,1.0)
dblp	gcn	edge	classification	True	(0.1,0.05,0.1)
dblp	gat	edge	classification	True	(0.1,0.05,0.1)
dblp	gin	edge	classification	True	(0.1,0.05,0.1)
dblp	h2gcn	edge	classification	True	(0.1,0.05,0.1)
dblp	fagcn	edge	classification	True	(0.1,0.05,0.1)
dblp	transformer	edge	classification	True	(0.1,0.05,0.1)
dblp	nodeformer	edge	classification	True	(0.1,0.05,0.1)
cornell	gcn	edge	classification	True	(0.05,0.1,0.1)
cornell	gat	edge	classification	True	(0.05,0.1,0.1)
cornell	gin	edge	classification	True	(0.05,0.1,0.1)
cornell	h2gcn	edge	classification	True	(0.05,0.1,0.1)
cornell	fagcn	edge	classification	True	(0.05,0.1,0.1)
cornell	transformer	edge	classification	True	(0.05,0.1,0.1)
cornell	nodeformer	edge	classification	True	(0.05,0.1,0.1)
dblp	gcn	edge	classification	True	(0.05,0.1,0.1)
dblp	gat	edge	classification	True	(0.05,0.1,0.1)
dblp	gin	edge	classification	True	(0.05,0.1,0.1)
dblp	h2gcn	edge	classification	True	(0.05,0.1,0.1)
dblp	fagcn	edge	classification	True	(0.05,0.1,0.1)
dblp	transformer	edge	classification	True	(0.05,0.1,0.1)
dblp	nodeformer	edge	classification	True	(0.05,0.1,0.1)
